Portrait Flashing List,Price,,,Landscape Flashing List,Price,,,Sarking Bracket List,Price,,,PV Panel List,Price,Watts
TL,51.25,,,LL,49,,,SP-5,106,,,PV16-320,270,320
TR,50,,,LR,50,,,SP-5J,106,,,PV16-300,200,300
TC,50,,,LC,50,,,B22,106,,,PV16-270P-B,120,270
J,50,,,LJ,50,,,B22J,106,,,,,
TY,50,,,LY,50,,,SB16-L,106,,,,,
VAT-16,50,,,VAL-16,50,,,SB16-C,106,,,,,
CLT,50,,,LCLT,50,,,SB16-R,106,,,,,
CRT,50,,,LCRT,50,,,SB16-Y,106,,,,,
CLB-S,50,,,LCLB-S,50,,,SB16-J,106,,,,,
CRB,50,,,LCRB,50,,,SB16-AT,106,,,,,
CLB,50,,,LCLB,50,,,SB16-CLB,106,,,,,
F16-VC,50,,,,,,,,,,,,,
